Conqueror,admin,789,admin,images/user/defaultPic.jpg,00-00-0000 00:00:00
Alexandra,alex,111,user,images/user/2023-10-07_1696674077068.png,08-10-2023 02:43:48
Natalie,nat,222,user,images/user/2023-10-07_1696674598369.jpg,08-10-2023 02:46:05
Meredith,mer,333,user,images/user/2023-10-07_1696675084123.png,08-10-2023 01:51:24
Saraphina,sara,444,user,images\user/2023-10-08_1696708239720.png,08-10-2023 02:50:23
Stevie,vivi,555,user,images/user/2023-10-08_1696708284241.png,08-10-2023 02:51:32
Sim Jaeyun,jake,1515,user,images/user/2023-10-08_1696738767030.JPG,08-10-2023 13:35:58
Yang Jungwon,jungwon,999,user,images/user/2023-10-08_1696738924631.jpeg,08-10-2023 13:57:13
Jasmine,jm,123,user,images/user/2023-10-08_1696739510107.png,08-10-2023 12:08:13
Bunny,bunbun,321,user,images/user/2023-10-08_1696740230305.png,08-10-2023 13:56:10
Bambi,bam,1010,user,images/user/2023-10-08_1696740285856.JPG,08-10-2023 17:46:59
